DATE,CSUSHPISA,Year,Month,Per_Capita_GDP,working_age_pop,Houses,CPI,UNRATE,EmpRate,Cons_Material,FEDFUNDS,Urban Population (% of Total Population),Num_Households,median_income,Subsidy,old_age_pop
2000-01-01,100.552,2000,1,49335.0,178204700.0,4.3,169.3,4.0,74.25278,144.1,5.45,79.057,104705.0,67470.0,19.69,12.3176296433869
2000-02-01,101.339,2000,2,49593.0,178284800.0,4.3,170.0,4.1,74.27563,144.7,5.73,79.057,104705.0,67470.0,19.69,12.3176296433869
2000-03-01,102.126,2000,3,49851.0,178367900.0,4.3,171.0,4.0,74.22861,145.4,5.85,79.057,104705.0,67470.0,19.69,12.3176296433869
2000-04-01,102.922,2000,4,50109.0,178536800.0,4.4,170.9,3.8,74.51271,145.6,6.02,79.057,104705.0,67470.0,19.69,12.3176296433869
2000-05-01,103.678,2000,5,50080.666666666664,178770300.0,4.4,171.2,4.0,74.08559,144.9,6.27,79.057,104705.0,67470.0,19.69,12.3176296433869
2000-06-01,104.424,2000,6,50052.333333333336,179073100.0,4.8,172.2,4.0,74.21468,145.0,6.53,79.057,104705.0,67470.0,19.69,12.3176296433869
2000-07-01,105.054,2000,7,50024.0,179372600.0,4.1,172.7,4.0,73.83424000000001,144.4,6.54,79.057,104705.0,67470.0,19.69,12.3176296433869
2000-08-01,105.768,2000,8,50079.333333333336,179444400.0,4.4,172.7,4.1,73.88336,143.7,6.5,79.057,104705.0,67470.0,19.69,12.3176296433869
2000-09-01,106.537,2000,9,50134.666666666664,179618600.0,4.0,173.6,3.9,73.87006,143.4,6.52,79.057,104705.0,67470.0,19.69,12.3176296433869
2000-10-01,107.382,2000,10,50190.0,179813100.0,4.0,173.9,3.9,73.89146,143.3,6.51,79.057,104705.0,67470.0,19.69,12.3176296433869
2000-11-01,108.301,2000,11,50097.0,179924100.0,4.2,174.2,3.9,73.9265,142.7,6.51,79.057,104705.0,67470.0,19.69,12.3176296433869
2000-12-01,109.14,2000,12,50004.0,180064000.0,3.6,174.6,3.9,74.10823,142.5,6.4,79.057,104705.0,67470.0,19.69,12.3176296433869
2001-01-01,109.846,2001,1,49911.0,180348500.0,3.8,175.6,4.2,73.96539,142.0,5.98,79.234,108209.0,66360.0,20.573,12.2969453233527
2001-02-01,110.501,2001,2,49975.666666666664,180507700.0,3.7,176.0,4.2,73.87317,142.4,5.49,79.234,108209.0,66360.0,20.573,12.2969453233527
2001-03-01,111.109,2001,3,50040.333333333336,180597500.0,3.8,176.1,4.3,73.90696,142.4,5.31,79.234,108209.0,66360.0,20.573,12.2969453233527
2001-04-01,111.651,2001,4,50105.0,180853700.0,3.9,176.4,4.4,73.55479,142.5,4.8,79.234,108209.0,66360.0,20.573,12.2969453233527
2001-05-01,112.163,2001,5,49994.666666666664,181012800.0,4.0,177.3,4.3,73.3963,144.2,4.21,79.234,108209.0,66360.0,20.573,12.2969453233527
2001-06-01,112.796,2001,6,49884.333333333336,181358100.0,4.2,177.7,4.5,73.14311,144.3,3.97,79.234,108209.0,66360.0,20.573,12.2969453233527
2001-07-01,113.491,2001,7,49774.0,181602000.0,4.2,177.4,4.6,73.12476,143.4,3.77,79.234,108209.0,66360.0,20.573,12.2969453233527
2001-08-01,114.167,2001,8,49777.0,181865000.0,4.4,177.4,4.9,72.57944,143.3,3.65,79.234,108209.0,66360.0,20.573,12.2969453233527
2001-09-01,114.812,2001,9,49780.0,181987200.0,4.4,178.1,5.0,72.78493,143.0,3.07,79.234,108209.0,66360.0,20.573,12.2969453233527
2001-10-01,115.31,2001,10,49783.0,182250900.0,4.3,177.6,5.3,72.46413000000001,142.3,2.49,79.234,108209.0,66360.0,20.573,12.2969453233527
2001-11-01,115.856,2001,11,49885.666666666664,182519000.0,4.1,177.5,5.5,72.31775,142.1,2.09,79.234,108209.0,66360.0,20.573,12.2969453233527
2001-12-01,116.454,2001,12,49988.333333333336,182718800.0,3.8,177.4,5.7,72.23886999999999,141.7,1.82,79.234,108209.0,66360.0,20.573,12.2969453233527
2002-01-01,117.143,2002,1,50091.0,182669300.0,4.2,177.7,5.7,72.03242,142.0,1.73,79.409,109297.0,65820.0,24.183,12.2874577893554
2002-02-01,117.844,2002,2,50156.0,182823900.0,4.0,178.0,5.7,72.33774,142.2,1.74,79.409,109297.0,65820.0,24.183,12.2874577893554
2002-03-01,118.687,2002,3,50221.0,183081600.0,4.1,178.5,5.7,72.15491,143.2,1.73,79.409,109297.0,65820.0,24.183,12.2874577893554
2002-04-01,119.61,2002,4,50286.0,183315500.0,4.3,179.3,5.9,71.90298,143.5,1.75,79.409,109297.0,65820.0,24.183,12.2874577893554
2002-05-01,120.724,2002,5,50311.333333333336,183462600.0,4.0,179.5,5.8,72.01939,143.8,1.75,79.409,109297.0,65820.0,24.183,12.2874577893554
2002-06-01,121.813,2002,6,50336.666666666664,183672200.0,4.2,179.6,5.8,71.84262,144.3,1.75,79.409,109297.0,65820.0,24.183,12.2874577893554
2002-07-01,122.888,2002,7,50362.0,183870800.0,4.2,180.0,5.8,71.74495999999999,144.7,1.73,79.409,109297.0,65820.0,24.183,12.2874577893554
2002-08-01,123.831,2002,8,50342.0,184126700.0,4.0,180.5,5.7,71.88376,145.1,1.74,79.409,109297.0,65820.0,24.183,12.2874577893554
2002-09-01,124.78,2002,9,50322.0,184246500.0,3.9,180.8,5.7,72.0507,145.4,1.75,79.409,109297.0,65820.0,24.183,12.2874577893554
2002-10-01,125.734,2002,10,50302.0,184457500.0,4.0,181.2,5.7,71.87473,145.0,1.75,79.409,109297.0,65820.0,24.183,12.2874577893554
2002-11-01,126.669,2002,11,50355.333333333336,184790100.0,4.0,181.5,5.9,71.54903,144.6,1.34,79.409,109297.0,65820.0,24.183,12.2874577893554
2002-12-01,127.624,2002,12,50408.666666666664,184909000.0,4.0,181.8,6.0,71.57851,144.3,1.24,79.409,109297.0,65820.0,24.183,12.2874577893554
2003-01-01,128.461,2003,1,50462.0,185657900.0,4.0,182.6,5.8,71.59366999999999,144.4,1.24,79.583,111278.0,65860.0,25.93,12.2779342993686
2003-02-01,129.356,2003,2,50573.333333333336,185828700.0,4.5,183.6,5.9,71.51604,145.2,1.26,79.583,111278.0,65860.0,25.93,12.2779342993686
2003-03-01,130.148,2003,3,50684.666666666664,186121600.0,4.1,183.9,5.9,71.39416999999999,145.2,1.25,79.583,111278.0,65860.0,25.93,12.2779342993686
2003-04-01,130.884,2003,4,50796.0,186476800.0,4.1,183.2,6.0,71.38895,145.9,1.26,79.583,111278.0,65860.0,25.93,12.2779342993686
2003-05-01,131.734,2003,5,51034.666666666664,186699000.0,3.9,182.9,6.1,71.22121,145.8,1.26,79.583,111278.0,65860.0,25.93,12.2779342993686
2003-06-01,132.649,2003,6,51273.333333333336,186893000.0,3.5,183.1,6.3,71.22983,146.1,1.22,79.583,111278.0,65860.0,25.93,12.2779342993686
2003-07-01,133.77700000000002,2003,7,51512.0,187168900.0,3.6,183.7,6.2,71.00509,147.0,1.01,79.583,111278.0,65860.0,25.93,12.2779342993686
2003-08-01,134.969,2003,8,51670.0,187380300.0,3.5,184.5,6.1,71.01493,147.2,1.03,79.583,111278.0,65860.0,25.93,12.2779342993686
2003-09-01,136.29399999999998,2003,9,51828.0,187558100.0,3.8,185.1,6.1,70.9225,149.0,1.01,79.583,111278.0,65860.0,25.93,12.2779342993686
2003-10-01,137.532,2003,10,51986.0,187716600.0,3.8,184.9,6.0,71.05285,149.6,1.01,79.583,111278.0,65860.0,25.93,12.2779342993686
2003-11-01,138.79399999999998,2003,11,52050.333333333336,187913400.0,4.1,185.0,5.8,71.12961999999999,150.2,1.0,79.583,111278.0,65860.0,25.93,12.2779342993686
2003-12-01,140.18,2003,12,52114.666666666664,188027800.0,4.0,185.5,5.7,71.10183,149.7,0.98,79.583,111278.0,65860.0,25.93,12.2779342993686
2004-01-01,141.64600000000002,2004,1,52179.0,187568500.0,3.8,186.3,5.7,71.26099,150.0,1.0,79.757,112000.0,65760.0,27.201,12.3047192322804
2004-02-01,143.191,2004,2,52275.666666666664,187831800.0,3.7,186.7,5.6,71.2038,153.4,1.01,79.757,112000.0,65760.0,27.201,12.3047192322804
2004-03-01,145.058,2004,3,52372.333333333336,188106500.0,3.6,187.1,5.8,71.04695,156.5,1.0,79.757,112000.0,65760.0,27.201,12.3047192322804
2004-04-01,146.592,2004,4,52469.0,188337000.0,4.0,187.4,5.6,71.19492,160.1,1.0,79.757,112000.0,65760.0,27.201,12.3047192322804
2004-05-01,148.185,2004,5,52591.0,188540100.0,3.8,188.2,5.6,71.1423,162.7,1.0,79.757,112000.0,65760.0,27.201,12.3047192322804
2004-06-01,149.85,2004,6,52713.0,188691100.0,3.9,188.9,5.6,71.10717,162.0,1.03,79.757,112000.0,65760.0,27.201,12.3047192322804
2004-07-01,151.33700000000002,2004,7,52835.0,188782800.0,4.5,189.1,5.5,71.29605,162.2,1.26,79.757,112000.0,65760.0,27.201,12.3047192322804
2004-08-01,152.63299999999998,2004,8,52970.666666666664,189028800.0,4.3,189.2,5.4,71.25815,165.9,1.43,79.757,112000.0,65760.0,27.201,12.3047192322804
2004-09-01,154.17700000000002,2004,9,53106.333333333336,189280700.0,4.1,189.8,5.4,71.16184,167.2,1.61,79.757,112000.0,65760.0,27.201,12.3047192322804
2004-10-01,155.75,2004,10,53242.0,189472000.0,3.9,190.8,5.5,71.22884,165.9,1.76,79.757,112000.0,65760.0,27.201,12.3047192322804
2004-11-01,157.526,2004,11,53401.0,189647000.0,4.3,191.7,5.4,71.36224,165.5,1.93,79.757,112000.0,65760.0,27.201,12.3047192322804
2004-12-01,159.329,2004,12,53560.0,189848300.0,4.1,191.7,5.4,71.30622,166.3,2.16,79.757,112000.0,65760.0,27.201,12.3047192322804
2005-01-01,161.287,2005,1,53719.0,190032200.0,4.4,191.6,5.3,71.31763000000001,168.6,2.28,79.928,113343.0,66780.0,27.651,12.3601628768533
2005-02-01,163.343,2005,2,53768.666666666664,190205800.0,4.3,192.4,5.4,71.23404000000001,170.4,2.5,79.928,113343.0,66780.0,27.651,12.3601628768533
2005-03-01,165.812,2005,3,53818.333333333336,190429000.0,4.1,193.1,5.2,71.2822,170.0,2.63,79.928,113343.0,66780.0,27.651,12.3601628768533
2005-04-01,167.50099999999998,2005,4,53868.0,190492000.0,4.3,193.7,5.2,71.41933,170.0,2.79,79.928,113343.0,66780.0,27.651,12.3601628768533
2005-05-01,169.35,2005,5,53963.0,190682700.0,4.2,193.6,5.1,71.52475,168.1,3.0,79.928,113343.0,66780.0,27.651,12.3601628768533
2005-06-01,171.19,2005,6,54058.0,190898800.0,4.3,193.7,5.0,71.48516,167.8,3.04,79.928,113343.0,66780.0,27.651,12.3601628768533
2005-07-01,172.859,2005,7,54153.0,191054900.0,4.2,194.9,5.0,71.61997,167.2,3.26,79.928,113343.0,66780.0,27.651,12.3601628768533
2005-08-01,174.44299999999998,2005,8,54207.666666666664,191192800.0,4.5,196.1,4.9,71.81331999999999,165.9,3.5,79.928,113343.0,66780.0,27.651,12.3601628768533
2005-09-01,176.437,2005,9,54262.333333333336,191474900.0,4.7,198.8,5.0,71.69254000000001,168.9,3.62,79.928,113343.0,66780.0,27.651,12.3601628768533
2005-10-01,178.02599999999998,2005,10,54317.0,191700900.0,4.5,199.1,5.0,71.70111999999999,171.6,3.78,79.928,113343.0,66780.0,27.651,12.3601628768533
2005-11-01,179.68,2005,11,54520.333333333336,191993300.0,5.0,198.1,5.0,71.5667,172.7,4.0,79.928,113343.0,66780.0,27.651,12.3601628768533
2005-12-01,180.909,2005,12,54723.666666666664,192186100.0,4.9,198.1,4.9,71.63452,173.5,4.16,79.928,113343.0,66780.0,27.651,12.3601628768533
2006-01-01,182.32,2006,1,54927.0,192324600.0,5.3,199.3,4.7,71.68733,177.2,4.29,80.099,114384.0,67520.0,28.604,12.422071948027
2006-02-01,183.287,2006,2,54933.0,192511200.0,6.1,199.4,4.8,71.76971999999999,177.7,4.49,80.099,114384.0,67520.0,28.604,12.422071948027
2006-03-01,184.364,2006,3,54939.0,192616400.0,5.9,199.7,4.7,71.82037,178.3,4.59,80.099,114384.0,67520.0,28.604,12.422071948027
2006-04-01,184.328,2006,4,54945.0,192790800.0,6.3,200.7,4.7,71.79692,179.0,4.79,80.099,114384.0,67520.0,28.604,12.422071948027
2006-05-01,184.155,2006,5,54925.333333333336,192946500.0,6.2,201.3,4.6,71.87308,179.9,4.94,80.099,114384.0,67520.0,28.604,12.422071948027
2006-06-01,183.506,2006,6,54905.666666666664,193183900.0,6.3,201.8,4.6,72.01196,180.7,4.99,80.099,114384.0,67520.0,28.604,12.422071948027
2006-07-01,183.066,2006,7,54886.0,193412500.0,7.3,202.9,4.7,72.02161,182.3,5.24,80.099,114384.0,67520.0,28.604,12.422071948027
2006-08-01,182.595,2006,8,54996.0,193525200.0,6.7,203.8,4.7,72.10643,182.6,5.25,80.099,114384.0,67520.0,28.604,12.422071948027
2006-09-01,182.798,2006,9,55106.0,193585700.0,6.7,202.8,4.5,72.05553,183.3,5.25,80.099,114384.0,67520.0,28.604,12.422071948027
2006-10-01,183.197,2006,10,55216.0,193711000.0,7.3,201.9,4.4,72.24436999999999,182.3,5.25,80.099,114384.0,67520.0,28.604,12.422071948027
2006-11-01,183.608,2006,11,55230.666666666664,193924100.0,6.6,202.0,4.5,72.17598000000001,179.8,5.25,80.099,114384.0,67520.0,28.604,12.422071948027
2006-12-01,184.138,2006,12,55245.333333333336,194094700.0,6.5,203.1,4.4,72.31517,179.8,5.24,80.099,114384.0,67520.0,28.604,12.422071948027
2007-01-01,184.515,2007,1,55260.0,194823000.0,7.2,203.437,4.6,72.12127,181.1,5.25,80.269,116011.0,68610.0,29.512,12.507803700301
2007-02-01,184.597,2007,2,55331.333333333336,195053600.0,7.9,204.226,4.5,71.96506,181.5,5.26,80.269,116011.0,68610.0,29.512,12.507803700301
2007-03-01,184.149,2007,3,55402.666666666664,195154300.0,7.9,205.288,4.4,71.9968,182.5,5.26,80.269,116011.0,68610.0,29.512,12.507803700301
2007-04-01,183.009,2007,4,55474.0,195253300.0,7.4,205.904,4.5,71.71110999999999,183.7,5.25,80.269,116011.0,68610.0,29.512,12.507803700301
2007-05-01,181.6,2007,5,55532.333333333336,195415500.0,7.8,206.755,4.4,71.75715,184.0,5.25,80.269,116011.0,68610.0,29.512,12.507803700301
2007-06-01,180.253,2007,6,55590.666666666664,195665200.0,8.2,207.234,4.6,71.77502,184.0,5.25,80.269,116011.0,68610.0,29.512,12.507803700301
2007-07-01,179.109,2007,7,55649.0,195835800.0,8.3,207.603,4.7,71.7444,184.2,5.26,80.269,116011.0,68610.0,29.512,12.507803700301
2007-08-01,178.116,2007,8,55718.333333333336,195970200.0,9.2,207.667,4.6,71.58319,183.9,5.02,80.269,116011.0,68610.0,29.512,12.507803700301
2007-09-01,177.55599999999998,2007,9,55787.666666666664,196066400.0,9.2,208.547,4.7,71.71118,183.4,4.94,80.269,116011.0,68610.0,29.512,12.507803700301
2007-10-01,176.623,2007,10,55857.0,196111500.0,8.5,209.19,4.7,71.58436,183.0,4.76,80.269,116011.0,68610.0,29.512,12.507803700301
2007-11-01,175.146,2007,11,55737.0,196172500.0,9.4,210.834,4.7,71.77049,183.3,4.49,80.269,116011.0,68610.0,29.512,12.507803700301
2007-12-01,174.34099999999998,2007,12,55617.0,196412200.0,9.6,211.445,5.0,71.54935,183.5,4.24,80.269,116011.0,68610.0,29.512,12.507803700301
2008-01-01,173.13099999999997,2008,1,55497.0,196060500.0,9.3,212.174,5.0,71.67518000000001,184.3,3.94,80.438,116783.0,66280.0,29.876,12.6708585039901
2008-02-01,171.53900000000002,2008,2,55566.333333333336,196236900.0,9.7,212.687,4.9,71.43571,185.7,2.98,80.438,116783.0,66280.0,29.876,12.6708585039901
2008-03-01,170.051,2008,3,55635.666666666664,196376300.0,10.5,213.448,5.1,71.42354,187.8,2.61,80.438,116783.0,66280.0,29.876,12.6708585039901
2008-04-01,168.33599999999998,2008,4,55705.0,196223300.0,10.3,213.942,5.0,71.41115,190.9,2.28,80.438,116783.0,66280.0,29.876,12.6708585039901
2008-05-01,166.657,2008,5,55562.666666666664,196451400.0,10.7,215.208,5.4,71.2011,195.8,1.98,80.438,116783.0,66280.0,29.876,12.6708585039901
2008-06-01,165.016,2008,6,55420.333333333336,196516300.0,10.7,217.463,5.6,71.1191,200.4,2.0,80.438,116783.0,66280.0,29.876,12.6708585039901
2008-07-01,163.564,2008,7,55278.0,196571900.0,10.5,219.016,5.8,70.92175999999999,203.4,2.01,80.438,116783.0,66280.0,29.876,12.6708585039901
2008-08-01,161.987,2008,8,54832.333333333336,196691100.0,11.3,218.69,6.1,70.70170999999999,206.5,2.0,80.438,116783.0,66280.0,29.876,12.6708585039901
2008-09-01,160.306,2008,9,54386.666666666664,196839800.0,10.9,218.877,6.1,70.51942,206.3,1.81,80.438,116783.0,66280.0,29.876,12.6708585039901
2008-10-01,158.326,2008,10,53941.0,196974900.0,11.6,216.995,6.5,70.36805,201.8,0.97,80.438,116783.0,66280.0,29.876,12.6708585039901
2008-11-01,156.141,2008,11,53701.0,197132700.0,11.4,213.153,6.8,69.92603000000001,199.6,0.39,80.438,116783.0,66280.0,29.876,12.6708585039901
2008-12-01,153.618,2008,12,53461.0,197420200.0,11.2,211.398,7.3,69.55543,194.8,0.16,80.438,116783.0,66280.0,29.876,12.6708585039901
2009-01-01,151.507,2009,1,53221.0,197060700.0,12.2,211.933,7.8,69.04106,193.3,0.15,80.606,117181.0,65850.0,32.883,12.8562585688817
2009-02-01,150.015,2009,2,53153.0,197286900.0,10.5,212.705,8.3,68.74854,191.2,0.22,80.606,117181.0,65850.0,32.883,12.8562585688817
2009-03-01,148.66,2009,3,53085.0,197529900.0,11.0,212.495,8.7,68.23824,190.2,0.18,80.606,117181.0,65850.0,32.883,12.8562585688817
2009-04-01,147.947,2009,4,53017.0,197854900.0,10.7,212.709,9.0,68.14273,188.1,0.15,80.606,117181.0,65850.0,32.883,12.8562585688817
2009-05-01,147.692,2009,5,53038.333333333336,197951800.0,9.3,213.022,9.4,67.7751,186.9,0.18,80.606,117181.0,65850.0,32.883,12.8562585688817
2009-06-01,148.088,2009,6,53059.666666666664,197608700.0,8.5,214.79,9.5,67.81062,187.1,0.21,80.606,117181.0,65850.0,32.883,12.8562585688817
2009-07-01,148.407,2009,7,53081.0,197705800.0,7.9,214.726,9.5,67.68935,187.6,0.16,80.606,117181.0,65850.0,32.883,12.8562585688817
2009-08-01,148.27700000000002,2009,8,53231.0,198050300.0,7.5,215.445,9.6,67.31915,188.1,0.16,80.606,117181.0,65850.0,32.883,12.8562585688817
2009-09-01,148.024,2009,9,53381.0,198372700.0,7.8,215.861,9.8,66.88405999999999,189.3,0.15,80.606,117181.0,65850.0,32.883,12.8562585688817
2009-10-01,147.85,2009,10,53531.0,198663200.0,7.4,216.509,10.0,66.61478000000001,189.7,0.12,80.606,117181.0,65850.0,32.883,12.8562585688817
2009-11-01,148.135,2009,11,53581.666666666664,198711500.0,7.6,217.234,9.9,66.69274,189.2,0.12,80.606,117181.0,65850.0,32.883,12.8562585688817
2009-12-01,147.928,2009,12,53632.333333333336,198768600.0,8.0,217.347,9.9,66.43769,189.4,0.12,80.606,117181.0,65850.0,32.883,12.8562585688817
2010-01-01,147.39600000000002,2010,1,53683.0,198247600.0,8.1,217.488,9.8,66.7811,190.3,0.11,80.772,117538.0,64300.0,32.669,13.0281784974361
2010-02-01,145.631,2010,2,53822.0,198432500.0,8.3,217.281,9.8,66.72559,192.2,0.13,80.772,117538.0,64300.0,32.669,13.0281784974361
2010-03-01,145.858,2010,3,53961.0,198653600.0,7.1,217.353,9.9,66.73592,193.7,0.16,80.772,117538.0,64300.0,32.669,13.0281784974361
2010-04-01,146.403,2010,4,54100.0,198995600.0,6.2,217.403,9.9,66.84048,196.5,0.2,80.772,117538.0,64300.0,32.669,13.0281784974361
2010-05-01,146.394,2010,5,54200.333333333336,199087000.0,9.3,217.29,9.6,66.73340999999999,198.9,0.2,80.772,117538.0,64300.0,32.669,13.0281784974361
2010-06-01,145.72,2010,6,54300.666666666664,198935200.0,8.3,217.199,9.4,66.73962,197.2,0.18,80.772,117538.0,64300.0,32.669,13.0281784974361
2010-07-01,144.989,2010,7,54401.0,199015000.0,8.9,217.605,9.4,66.71658000000001,195.6,0.18,80.772,117538.0,64300.0,32.669,13.0281784974361
2010-08-01,143.914,2010,8,54457.0,199221100.0,8.8,217.923,9.5,66.75956,194.1,0.19,80.772,117538.0,64300.0,32.669,13.0281784974361
2010-09-01,143.017,2010,9,54513.0,199525500.0,7.6,218.275,9.5,66.64981,193.9,0.19,80.772,117538.0,64300.0,32.669,13.0281784974361
2010-10-01,142.528,2010,10,54569.0,199859900.0,8.2,219.035,9.4,66.4639,193.8,0.19,80.772,117538.0,64300.0,32.669,13.0281784974361
2010-11-01,142.16899999999998,2010,11,54493.0,199983700.0,8.2,219.59,9.8,66.38138000000001,193.6,0.19,80.772,117538.0,64300.0,32.669,13.0281784974361
2010-12-01,142.056,2010,12,54417.0,200022800.0,7.0,220.472,9.3,66.50759000000001,194.2,0.18,80.772,117538.0,64300.0,32.669,13.0281784974361
2011-01-01,141.518,2011,1,54341.0,199137100.0,7.3,221.187,9.1,66.6921,195.9,0.17,80.944,119927.0,63350.0,34.23,13.2702031218742
2011-02-01,140.345,2011,2,54430.666666666664,199346000.0,8.1,221.898,9.0,66.60165,198.1,0.16,80.944,119927.0,63350.0,34.23,13.2702031218742
2011-03-01,139.977,2011,3,54520.333333333336,199551500.0,7.2,223.046,9.0,66.6786,199.7,0.14,80.944,119927.0,63350.0,34.23,13.2702031218742
2011-04-01,140.00799999999998,2011,4,54610.0,199937200.0,6.7,224.093,9.1,66.54593,201.1,0.1,80.944,119927.0,63350.0,34.23,13.2702031218742
2011-05-01,139.904,2011,5,54567.333333333336,200041600.0,6.6,224.806,9.0,66.53560999999999,201.6,0.09,80.944,119927.0,63350.0,34.23,13.2702031218742
2011-06-01,139.861,2011,6,54524.666666666664,199992600.0,6.6,224.806,9.1,66.42442,201.9,0.09,80.944,119927.0,63350.0,34.23,13.2702031218742
2011-07-01,139.73,2011,7,54482.0,200109400.0,6.7,225.395,9.0,66.41541,202.6,0.07,80.944,119927.0,63350.0,34.23,13.2702031218742
2011-08-01,139.308,2011,8,54647.666666666664,200136500.0,6.5,226.106,9.0,66.66603,202.8,0.1,80.944,119927.0,63350.0,34.23,13.2702031218742
2011-09-01,138.667,2011,9,54813.333333333336,200256000.0,6.3,226.597,9.0,66.68692,202.7,0.08,80.944,119927.0,63350.0,34.23,13.2702031218742
2011-10-01,137.951,2011,10,54979.0,200422000.0,6.0,226.75,8.8,66.66574,202.7,0.07,80.944,119927.0,63350.0,34.23,13.2702031218742
2011-11-01,137.15,2011,11,55100.0,200325600.0,5.7,227.169,8.6,66.80666,202.2,0.08,80.944,119927.0,63350.0,34.23,13.2702031218742
2011-12-01,136.673,2011,12,55221.0,200311100.0,5.3,227.223,8.5,66.84261,202.2,0.07,80.944,119927.0,63350.0,34.23,13.2702031218742
2012-01-01,136.606,2012,1,55342.0,200970700.0,5.3,227.842,8.3,66.92241999999999,203.9,0.08,81.119,121084.0,63350.0,33.283,13.5844369333927
2012-02-01,136.531,2012,2,55391.333333333336,201100100.0,4.8,228.329,8.3,66.96548,205.1,0.1,81.119,121084.0,63350.0,33.283,13.5844369333927
2012-03-01,137.90200000000002,2012,3,55440.666666666664,201252700.0,4.9,228.807,8.2,66.98489000000001,205.7,0.13,81.119,121084.0,63350.0,33.283,13.5844369333927
2012-04-01,139.15200000000002,2012,4,55490.0,201499400.0,4.9,229.187,8.2,66.93552,206.3,0.14,81.119,121084.0,63350.0,33.283,13.5844369333927
2012-05-01,140.154,2012,5,55478.0,201524900.0,4.7,228.713,8.2,67.06298000000001,206.5,0.16,81.119,121084.0,63350.0,33.283,13.5844369333927
2012-06-01,141.03,2012,6,55466.0,201458900.0,4.8,228.524,8.2,67.1302,206.6,0.16,81.119,121084.0,63350.0,33.283,13.5844369333927
2012-07-01,141.67,2012,7,55454.0,201491500.0,4.6,228.59,8.2,67.05521,206.2,0.16,81.119,121084.0,63350.0,33.283,13.5844369333927
2012-08-01,142.28,2012,8,55437.0,201587800.0,4.6,229.918,8.1,67.01305,205.5,0.13,81.119,121084.0,63350.0,33.283,13.5844369333927
2012-09-01,142.907,2012,9,55420.0,201605400.0,4.5,231.015,7.8,67.31175999999999,206.6,0.14,81.119,121084.0,63350.0,33.283,13.5844369333927
2012-10-01,143.59799999999998,2012,10,55403.0,201662300.0,4.9,231.638,7.8,67.49049000000001,205.5,0.16,81.119,121084.0,63350.0,33.283,13.5844369333927
2012-11-01,144.582,2012,11,55555.0,201708600.0,4.6,231.249,7.7,67.2734,205.6,0.16,81.119,121084.0,63350.0,33.283,13.5844369333927
2012-12-01,145.499,2012,12,55707.0,201843200.0,4.5,231.221,7.9,67.29635,206.4,0.16,81.119,121084.0,63350.0,33.283,13.5844369333927
2013-01-01,146.82399999999998,2013,1,55859.0,201721300.0,4.0,231.679,8.0,67.25681999999999,208.4,0.14,81.299,122459.0,65740.0,33.213,13.8910756761845
2013-02-01,147.781,2013,2,55877.333333333336,201883900.0,4.1,232.937,7.7,67.24571,209.1,0.15,81.299,122459.0,65740.0,33.213,13.8910756761845
2013-03-01,149.961,2013,3,55895.666666666664,202024100.0,4.2,232.282,7.5,67.18983,209.8,0.14,81.299,122459.0,65740.0,33.213,13.8910756761845
2013-04-01,151.518,2013,4,55914.0,202167700.0,4.4,231.797,7.6,67.25466999999999,210.7,0.15,81.299,122459.0,65740.0,33.213,13.8910756761845
2013-05-01,152.85,2013,5,56033.333333333336,202291000.0,4.6,231.893,7.5,67.33855,209.5,0.11,81.299,122459.0,65740.0,33.213,13.8910756761845
2013-06-01,154.202,2013,6,56152.666666666664,202288100.0,4.1,232.445,7.5,67.35748000000001,208.8,0.09,81.299,122459.0,65740.0,33.213,13.8910756761845
2013-07-01,155.607,2013,7,56272.0,202321200.0,5.5,232.9,7.3,67.48314,208.3,0.09,81.299,122459.0,65740.0,33.213,13.8910756761845
2013-08-01,156.963,2013,8,56395.333333333336,202486100.0,5.5,233.456,7.2,67.42155,208.9,0.08,81.299,122459.0,65740.0,33.213,13.8910756761845
2013-09-01,158.225,2013,9,56518.666666666664,202630100.0,5.4,233.544,7.2,67.47369,208.9,0.08,81.299,122459.0,65740.0,33.213,13.8910756761845
2013-10-01,159.24,2013,10,56642.0,202702100.0,4.9,233.669,7.2,67.145,209.3,0.09,81.299,122459.0,65740.0,33.213,13.8910756761845
2013-11-01,160.07299999999998,2013,11,56543.0,202720100.0,5.0,234.1,6.9,67.45268,209.8,0.08,81.299,122459.0,65740.0,33.213,13.8910756761845
2013-12-01,160.993,2013,12,56444.0,202732300.0,5.2,234.719,6.7,67.54767,209.8,0.09,81.299,122459.0,65740.0,33.213,13.8910756761845
2014-01-01,161.924,2014,1,56345.0,202550700.0,5.1,235.288,6.6,67.72227,211.7,0.07,81.483,123229.0,64900.0,33.806,14.1355633751345
2014-02-01,162.523,2014,2,56552.666666666664,202677800.0,5.3,235.547,6.7,67.70628,212.7,0.07,81.483,123229.0,64900.0,33.806,14.1355633751345
2014-03-01,163.084,2014,3,56760.333333333336,202701500.0,5.6,236.028,6.7,67.90929,213.4,0.08,81.483,123229.0,64900.0,33.806,14.1355633751345
2014-04-01,163.39,2014,4,56968.0,202797800.0,5.7,236.468,6.2,67.94815,213.6,0.09,81.483,123229.0,64900.0,33.806,14.1355633751345
2014-05-01,163.656,2014,5,57157.333333333336,202936300.0,5.2,236.918,6.3,68.02920999999999,214.3,0.09,81.483,123229.0,64900.0,33.806,14.1355633751345
2014-06-01,164.067,2014,6,57346.666666666664,203051400.0,5.7,237.231,6.1,68.14761,214.5,0.1,81.483,123229.0,64900.0,33.806,14.1355633751345
2014-07-01,164.58700000000002,2014,7,57536.0,203042900.0,6.2,237.498,6.2,68.158,214.8,0.09,81.483,123229.0,64900.0,33.806,14.1355633751345
2014-08-01,165.21200000000002,2014,8,57591.333333333336,203164300.0,5.4,237.46,6.1,68.21761,215.5,0.09,81.483,123229.0,64900.0,33.806,14.1355633751345
2014-09-01,165.903,2014,9,57646.666666666664,203211900.0,5.4,237.477,5.9,68.27456,215.7,0.09,81.483,123229.0,64900.0,33.806,14.1355633751345
2014-10-01,166.639,2014,10,57702.0,203259900.0,5.3,237.43,5.7,68.57545,215.9,0.09,81.483,123229.0,64900.0,33.806,14.1355633751345
2014-11-01,167.332,2014,11,57841.666666666664,203378000.0,5.7,236.983,5.8,68.52069,215.8,0.09,81.483,123229.0,64900.0,33.806,14.1355633751345
2014-12-01,168.047,2014,12,57981.333333333336,203419500.0,5.1,236.252,5.6,68.48933000000001,215.5,0.12,81.483,123229.0,64900.0,33.806,14.1355633751345
2015-01-01,168.627,2015,1,58121.0,203859000.0,4.8,234.747,5.7,68.54301,215.8,0.11,81.671,124587.0,68410.0,34.859,14.3277540980291
2015-02-01,169.12400000000002,2015,2,58206.0,203941000.0,4.5,235.342,5.5,68.53997,215.3,0.11,81.671,124587.0,68410.0,34.859,14.3277540980291
2015-03-01,169.795,2015,3,58291.0,203969900.0,5.1,235.976,5.4,68.42395,215.0,0.11,81.671,124587.0,68410.0,34.859,14.3277540980291
2015-04-01,170.293,2015,4,58376.0,203983300.0,4.9,236.222,5.4,68.67985999999999,214.5,0.12,81.671,124587.0,68410.0,34.859,14.3277540980291
2015-05-01,170.87599999999998,2015,5,58412.666666666664,204205800.0,5.0,237.001,5.6,68.79395,213.7,0.12,81.671,124587.0,68410.0,34.859,14.3277540980291
2015-06-01,171.477,2015,6,58449.333333333336,204424200.0,5.4,237.657,5.3,68.68581,213.7,0.13,81.671,124587.0,68410.0,34.859,14.3277540980291
2015-07-01,172.148,2015,7,58486.0,204519300.0,5.2,238.034,5.2,68.63598,213.7,0.13,81.671,124587.0,68410.0,34.859,14.3277540980291
2015-08-01,172.93099999999998,2015,8,58480.666666666664,204559900.0,5.0,238.033,5.1,68.75591,213.3,0.14,81.671,124587.0,68410.0,34.859,14.3277540980291
2015-09-01,173.824,2015,9,58475.333333333336,204605300.0,5.9,237.498,5.0,68.66338,212.5,0.14,81.671,124587.0,68410.0,34.859,14.3277540980291
2015-10-01,174.78900000000002,2015,10,58470.0,204681400.0,5.6,237.733,5.0,68.7412,212.4,0.12,81.671,124587.0,68410.0,34.859,14.3277540980291
2015-11-01,175.735,2015,11,58548.0,204728700.0,5.5,238.017,5.1,68.89587,211.7,0.12,81.671,124587.0,68410.0,34.859,14.3277540980291
2015-12-01,176.537,2015,12,58626.0,204755400.0,5.1,237.761,5.0,69.09503000000001,210.9,0.24,81.671,124587.0,68410.0,34.859,14.3277540980291
2016-01-01,177.262,2016,1,58704.0,205071200.0,5.6,237.652,4.8,69.18484000000001,211.4,0.34,81.862,125819.0,70840.0,37.55,14.672311496844
2016-02-01,177.641,2016,2,58731.666666666664,205098500.0,5.5,237.336,4.9,69.25716,211.3,0.38,81.862,125819.0,70840.0,37.55,14.672311496844
2016-03-01,178.15599999999998,2016,3,58759.333333333336,205198100.0,5.5,238.08,5.0,69.29008,211.6,0.36,81.862,125819.0,70840.0,37.55,14.672311496844
2016-04-01,178.759,2016,4,58787.0,205245900.0,5.0,238.992,5.1,69.15356,212.7,0.37,81.862,125819.0,70840.0,37.55,14.672311496844
2016-05-01,179.42,2016,5,58886.0,205412400.0,5.1,239.557,4.8,69.28389,213.7,0.37,81.862,125819.0,70840.0,37.55,14.672311496844
2016-06-01,180.09,2016,6,58985.0,205562900.0,5.3,240.222,4.9,69.18991,214.6,0.38,81.862,125819.0,70840.0,37.55,14.672311496844
2016-07-01,180.85,2016,7,59084.0,205702700.0,4.5,240.101,4.8,69.28114000000001,215.3,0.39,81.862,125819.0,70840.0,37.55,14.672311496844
2016-08-01,181.84,2016,8,59154.666666666664,205680800.0,5.0,240.545,4.9,69.3738,216.0,0.4,81.862,125819.0,70840.0,37.55,14.672311496844
2016-09-01,182.813,2016,9,59225.333333333336,205736900.0,5.2,241.176,5.0,69.42484,215.3,0.4,81.862,125819.0,70840.0,37.55,14.672311496844
2016-10-01,183.743,2016,10,59296.0,205848400.0,5.2,241.741,4.9,69.43066,214.8,0.4,81.862,125819.0,70840.0,37.55,14.672311496844
2016-11-01,184.753,2016,11,59362.0,205828700.0,5.2,242.026,4.7,69.55505,214.5,0.41,81.862,125819.0,70840.0,37.55,14.672311496844
2016-12-01,185.716,2016,12,59428.0,205936600.0,5.4,242.637,4.7,69.57409,215.5,0.54,81.862,125819.0,70840.0,37.55,14.672311496844
2017-01-01,186.796,2017,1,59494.0,205378300.0,5.4,243.618,4.7,69.65279,217.3,0.65,82.058,126224.0,72090.0,35.771,15.0662903997382
2017-02-01,187.314,2017,2,59574.666666666664,205421300.0,5.3,244.006,4.6,69.73241999999999,218.8,0.66,82.058,126224.0,72090.0,35.771,15.0662903997382
2017-03-01,187.991,2017,3,59655.333333333336,205317300.0,5.0,243.892,4.4,70.00641,219.7,0.79,82.058,126224.0,72090.0,35.771,15.0662903997382
2017-04-01,188.721,2017,4,59736.0,205349800.0,5.4,244.193,4.4,70.0938,221.0,0.9,82.058,126224.0,72090.0,35.771,15.0662903997382
2017-05-01,189.61,2017,5,59857.0,205468500.0,5.1,244.004,4.4,70.00275,221.7,0.91,82.058,126224.0,72090.0,35.771,15.0662903997382
2017-06-01,190.519,2017,6,59978.0,205654400.0,5.3,244.163,4.3,70.09076999999999,221.9,1.04,82.058,126224.0,72090.0,35.771,15.0662903997382
2017-07-01,191.465,2017,7,60099.0,205756700.0,5.8,244.243,4.3,70.1771,221.9,1.15,82.058,126224.0,72090.0,35.771,15.0662903997382
2017-08-01,192.649,2017,8,60290.666666666664,205750300.0,6.1,245.183,4.4,70.14981999999999,222.4,1.16,82.058,126224.0,72090.0,35.771,15.0662903997382
2017-09-01,193.745,2017,9,60482.333333333336,205685800.0,5.3,246.435,4.3,70.47437,223.1,1.15,82.058,126224.0,72090.0,35.771,15.0662903997382
2017-10-01,194.792,2017,10,60674.0,205730800.0,5.5,246.626,4.2,70.26858,223.9,1.15,82.058,126224.0,72090.0,35.771,15.0662903997382
2017-11-01,195.945,2017,11,60813.666666666664,205752300.0,4.8,247.284,4.2,70.31042,223.9,1.16,82.058,126224.0,72090.0,35.771,15.0662903997382
2017-12-01,197.164,2017,12,60953.333333333336,205856300.0,5.6,247.805,4.1,70.30341,224.1,1.3,82.058,126224.0,72090.0,35.771,15.0662903997382
2018-01-01,198.301,2018,1,61093.0,206363400.0,6.0,248.859,4.0,70.32311999999999,225.8,1.41,82.256,127586.0,73030.0,38.859,15.3976975750778
2018-02-01,199.228,2018,2,61174.0,206271700.0,5.7,249.529,4.1,70.60374,228.7,1.42,82.256,127586.0,73030.0,38.859,15.3976975750778
2018-03-01,199.967,2018,3,61255.0,206223100.0,5.2,249.577,4.0,70.55485999999999,231.3,1.51,82.256,127586.0,73030.0,38.859,15.3976975750778
2018-04-01,200.662,2018,4,61336.0,206220000.0,5.6,250.227,4.0,70.54178,232.4,1.69,82.256,127586.0,73030.0,38.859,15.3976975750778
2018-05-01,201.427,2018,5,61431.333333333336,206414600.0,5.5,250.792,3.8,70.71713000000001,236.8,1.7,82.256,127586.0,73030.0,38.859,15.3976975750778
2018-06-01,202.241,2018,6,61526.666666666664,206592300.0,5.8,251.018,4.0,70.68557,239.2,1.82,82.256,127586.0,73030.0,38.859,15.3976975750778
2018-07-01,202.912,2018,7,61622.0,206643400.0,6.0,251.214,3.8,70.86216999999999,239.6,1.91,82.256,127586.0,73030.0,38.859,15.3976975750778
2018-08-01,203.661,2018,8,61621.0,206721600.0,6.5,251.663,3.8,70.57075999999999,239.4,1.91,82.256,127586.0,73030.0,38.859,15.3976975750778
2018-09-01,204.322,2018,9,61620.0,206674900.0,6.6,252.182,3.7,70.7691,240.0,1.95,82.256,127586.0,73030.0,38.859,15.3976975750778
2018-10-01,205.08900000000003,2018,10,61619.0,206650800.0,7.2,252.772,3.8,70.93083,238.7,2.19,82.256,127586.0,73030.0,38.859,15.3976975750778
2018-11-01,205.661,2018,11,61709.0,206612000.0,6.4,252.594,3.8,70.98534000000001,238.8,2.2,82.256,127586.0,73030.0,38.859,15.3976975750778
2018-12-01,206.148,2018,12,61799.0,206774200.0,7.6,252.767,3.9,71.01472,238.3,2.27,82.256,127586.0,73030.0,38.859,15.3976975750778
2019-01-01,206.539,2019,1,61889.0,206324000.0,7.0,252.561,4.0,71.03362,238.5,2.4,82.459,128579.0,78250.0,40.185,15.7918008297391
2019-02-01,206.864,2019,2,62036.333333333336,206303400.0,6.3,253.319,3.8,71.07248,238.1,2.4,82.459,128579.0,78250.0,40.185,15.7918008297391
2019-03-01,207.086,2019,3,62183.666666666664,206117300.0,5.6,254.277,3.8,71.06339,238.1,2.41,82.459,128579.0,78250.0,40.185,15.7918008297391
2019-04-01,207.537,2019,4,62331.0,206174400.0,5.7,255.233,3.7,71.14662,237.2,2.42,82.459,128579.0,78250.0,40.185,15.7918008297391
2019-05-01,208.151,2019,5,62535.666666666664,206464300.0,6.5,255.296,3.6,71.14447,237.3,2.39,82.459,128579.0,78250.0,40.185,15.7918008297391
2019-06-01,208.643,2019,6,62740.333333333336,206542600.0,5.4,255.213,3.6,71.23801999999999,236.3,2.38,82.459,128579.0,78250.0,40.185,15.7918008297391
2019-07-01,209.249,2019,7,62945.0,206385900.0,6.1,255.802,3.7,71.26041,235.6,2.4,82.459,128579.0,78250.0,40.185,15.7918008297391
2019-08-01,210.029,2019,8,63049.0,206392800.0,5.5,256.036,3.6,71.41162,234.4,2.13,82.459,128579.0,78250.0,40.185,15.7918008297391
2019-09-01,210.85,2019,9,63153.0,206311600.0,5.4,256.43,3.5,71.71297,234.4,2.04,82.459,128579.0,78250.0,40.185,15.7918008297391
2019-10-01,211.751,2019,10,63257.0,206191800.0,5.3,257.155,3.6,71.71259,233.8,1.83,82.459,128579.0,78250.0,40.185,15.7918008297391
2019-11-01,212.788,2019,11,62949.0,206205100.0,5.4,257.879,3.6,71.6875,232.8,1.55,82.459,128579.0,78250.0,40.185,15.7918008297391
2019-12-01,213.944,2019,12,62641.0,206266700.0,5.5,258.63,3.6,71.7002,232.2,1.55,82.459,128579.0,78250.0,40.185,15.7918008297391
2020-01-01,215.029,2020,1,62333.0,205741800.0,5.7,258.906,3.6,71.76878,233.4,1.55,82.664,128451.0,76660.0,44.147,16.2234001500798
2020-02-01,215.893,2020,2,60683.0,205642700.0,5.6,259.246,3.5,71.80731999999999,234.6,1.58,82.664,128451.0,76660.0,44.147,16.2234001500798
2020-03-01,216.455,2020,3,59033.0,205285700.0,6.4,258.15,4.4,70.51974,236.3,0.65,82.664,128451.0,76660.0,44.147,16.2234001500798
2020-04-01,216.856,2020,4,57383.0,206838200.0,6.7,256.126,14.8,60.19421,234.3,0.05,82.664,128451.0,76660.0,44.147,16.2234001500798
2020-05-01,216.999,2020,5,58856.333333333336,206841900.0,5.3,255.848,13.2,62.24576,233.3,0.05,82.664,128451.0,76660.0,44.147,16.2234001500798
2020-06-01,217.57,2020,6,60329.666666666664,205576600.0,4.0,257.004,11.0,64.77303,234.8,0.08,82.664,128451.0,76660.0,44.147,16.2234001500798
2020-07-01,219.28,2020,7,61803.0,205379800.0,3.5,258.408,10.2,65.3708,237.0,0.09,82.664,128451.0,76660.0,44.147,16.2234001500798
2020-08-01,222.265,2020,8,62005.666666666664,205709700.0,3.3,259.366,8.4,66.84134,240.9,0.1,82.664,128451.0,76660.0,44.147,16.2234001500798
2020-09-01,225.742,2020,9,62208.333333333336,206097500.0,3.5,259.951,7.8,66.91838,246.9,0.09,82.664,128451.0,76660.0,44.147,16.2234001500798
2020-10-01,229.685,2020,10,62411.0,205980900.0,3.3,260.249,6.8,67.89453,246.4,0.09,82.664,128451.0,76660.0,44.147,16.2234001500798
2020-11-01,233.248,2020,11,62682.0,206188200.0,3.9,260.895,6.7,67.80804,244.3,0.09,82.664,128451.0,76660.0,44.147,16.2234001500798
2020-12-01,236.555,2020,12,62953.0,206149400.0,4.1,262.005,6.7,67.95622,248.0,0.09,82.664,128451.0,76660.0,44.147,16.2234001500798
2021-01-01,239.68,2021,1,63224.0,205142000.0,4.1,262.518,6.4,68.20279000000001,256.4,0.09,82.873,129224.0,76330.0,45.299,16.6788954868121
2021-02-01,242.419,2021,2,63533.666666666664,205139500.0,4.8,263.583,6.2,68.47043000000001,264.6,0.08,82.873,129224.0,76330.0,45.299,16.6788954868121
2021-03-01,245.545,2021,3,63843.333333333336,205101500.0,4.3,264.91,6.1,68.59721,276.7,0.07,82.873,129224.0,76330.0,45.299,16.6788954868121
2021-04-01,249.123,2021,4,64153.0,205468000.0,4.6,266.752,6.1,68.66589,291.8,0.07,82.873,129224.0,76330.0,45.299,16.6788954868121
2021-05-01,253.413,2021,5,64305.666666666664,205665700.0,5.5,268.452,5.8,68.97403,305.9,0.06,82.873,129224.0,76330.0,45.299,16.6788954868121
2021-06-01,258.23,2021,6,64458.333333333336,205415500.0,6.0,270.664,5.9,69.09635,315.7,0.08,82.873,129224.0,76330.0,45.299,16.6788954868121
2021-07-01,262.603,2021,7,64611.0,205317400.0,6.0,271.994,5.4,69.66294,313.542,0.1,82.873,129224.0,76330.0,45.299,16.6788954868121
2021-08-01,266.593,2021,8,64956.666666666664,205311600.0,6.5,272.789,5.1,69.66363,313.083,0.09,82.873,129224.0,76330.0,45.299,16.6788954868121
2021-09-01,270.197,2021,9,65302.333333333336,205475500.0,6.2,273.887,4.7,69.93788,317.136,0.08,82.873,129224.0,76330.0,45.299,16.6788954868121
2021-10-01,273.603,2021,10,65648.0,205337300.0,6.7,276.434,4.5,70.20831,322.12,0.08,82.873,129224.0,76330.0,45.299,16.6788954868121
2021-11-01,277.309,2021,11,65526.666666666664,205361800.0,5.9,278.799,4.1,70.61938,328.94,0.08,82.873,129224.0,76330.0,45.299,16.6788954868121
2021-12-01,281.506,2021,12,65405.333333333336,205323500.0,5.6,280.808,3.9,70.83883,335.032,0.08,82.873,129224.0,76330.0,45.299,16.6788954868121
2022-01-01,286.173,2022,1,65284.0,207063100.0,5.9,282.39,4.0,70.73431,345.742,0.08,83.084,131202.0,74580.0,48.021,17.1281205454528
2022-02-01,291.223,2022,2,65231.666666666664,206989700.0,6.1,284.535,3.8,70.90482,343.583,0.08,83.084,131202.0,74580.0,48.021,17.1281205454528
2022-03-01,296.523,2022,3,65179.333333333336,206817900.0,6.9,287.553,3.6,71.23267,345.852,0.2,83.084,131202.0,74580.0,48.021,17.1281205454528
2022-04-01,300.595,2022,4,65127.0,206929200.0,8.2,288.764,3.7,71.214,343.786,0.33,83.084,131202.0,74580.0,48.021,17.1281205454528
2022-05-01,303.702,2022,5,65241.0,207173600.0,8.1,291.359,3.6,71.35808,353.015,0.77,83.084,131202.0,74580.0,48.021,17.1281205454528
2022-06-01,304.456,2022,6,65355.0,207373200.0,9.9,294.996,3.6,71.22589,349.8,1.21,83.084,131202.0,74580.0,48.021,17.1281205454528
2022-07-01,303.504,2022,7,65469.0,207456600.0,10.6,294.977,3.5,71.32262,346.79,1.68,83.084,131202.0,74580.0,48.021,17.1281205454528
2022-08-01,301.066,2022,8,65579.0,207443000.0,8.6,295.209,3.6,71.46252,342.753,2.33,83.084,131202.0,74580.0,48.021,17.1281205454528
2022-09-01,299.069,2022,9,65689.0,207505000.0,9.9,296.341,3.5,71.42522,336.464,2.56,83.084,131202.0,74580.0,48.021,17.1281205454528
2022-10-01,298.699,2022,10,65799.0,207525000.0,9.7,297.863,3.6,71.2873,333.796,3.08,83.084,131202.0,74580.0,48.021,17.1281205454528
2022-11-01,298.402,2022,11,65898.0,207585700.0,9.2,298.648,3.6,71.30197,330.369,3.78,83.084,131202.0,74580.0,48.021,17.1281205454528
2022-12-01,297.658,2022,12,65997.0,207565400.0,8.6,298.812,3.5,71.63566,326.449,4.1,83.084,131202.0,74580.0,48.021,17.1281205454528
